{
    "Centroid Kluster 1": [
        4.721824563190091,
        1.9238556034685819,
        1.0
    ],
    "Centroid Kluster 2": [
        -5.641876458661988,
        8.273943571990795,
        1.5
    ],
    "Centroid Kluster 3": [
        -7.000964900735828,
        -6.904457538283399,
        2.0
    ]
}